Transfer,Replicate Producing 1,Replicate Producing 2,Replicate Producing 3,Replicate Producing 4
0,100,100,100,100
1,100,100,100,100
2,100,100,100,100
3,100,99.18,100,100
4,100,100,100,100
5,100,100,100,100
6,100,100,100,100
7,100,100,100,100
8,100,100,100,100
9,100,100,100,100
10,100,100,89.36170213,98.27586207
15,100,98.8,100,100
20,100,100,99.48186528,100
25,100,100,98.82270211,99.51883039
