Transfer,Replicate Producing 1,Replicate Producing 2,Replicate Producing 3,Replicate Producing 4
0,100,100,100,100
1,100,100,100,100
2,100,100,100,100
3,100,97.2972973,100,100
4,100,97.61904762,100,100
5,100,100,100,97.2972973
6,100,100,100,100
7,100,100,100,100
8,100,98,100,100
9,99.15254237,99.55752212,100,81.25
10,100,100,100,98.75
15,100,100,100,100
20,99.32885906,100,100,98.41269841
25,99.31462667,98.95833333,98.81091058,98.58997373
